{
  "hash": "7c4a8561",
  "configHash": "2b5c48e0",
  "lockfileHash": "121442eb",
  "browserHash": "41a2e7f7",
  "optimized": {
    "@angular/common": {
      "src": "../../../../../../node_modules/@angular/common/fesm2022/common.mjs",
      "file": "@angular_common.js",
      "fileHash": "95bd5f12",
      "needsInterop": false
    },
    "@angular/common/http": {
      "src": "../../../../../../node_modules/@angular/common/fesm2022/http.mjs",
      "file": "@angular_common_http.js",
      "fileHash": "df18114d",
      "needsInterop": false
    },
    "@angular/core": {
      "src": "../../../../../../node_modules/@angular/core/fesm2022/core.mjs",
      "file": "@angular_core.js",
      "fileHash": "8f8e382f",
      "needsInterop": false
    },
    "@angular/forms": {
      "src": "../../../../../../node_modules/@angular/forms/fesm2022/forms.mjs",
      "file": "@angular_forms.js",
      "fileHash": "2252dbec",
      "needsInterop": false
    },
    "@angular/platform-browser": {
      "src": "../../../../../../node_modules/@angular/platform-browser/fesm2022/platform-browser.mjs",
      "file": "@angular_platform-browser.js",
      "fileHash": "84ea8a76",
      "needsInterop": false
    },
    "@angular/router": {
      "src": "../../../../../../node_modules/@angular/router/fesm2022/router.mjs",
      "file": "@angular_router.js",
      "fileHash": "a69eadcd",
      "needsInterop": false
    },
    "@angular/service-worker": {
      "src": "../../../../../../node_modules/@angular/service-worker/fesm2022/service-worker.mjs",
      "file": "@angular_service-worker.js",
      "fileHash": "4fd36522",
      "needsInterop": false
    },
    "@ionic/angular": {
      "src": "../../../../../../node_modules/@ionic/angular/fesm2022/ionic-angular.mjs",
      "file": "@ionic_angular.js",
      "fileHash": "07d4c18d",
      "needsInterop": false
    },
    "@ionic/angular/standalone": {
      "src": "../../../../../../node_modules/@ionic/angular/fesm2022/ionic-angular-standalone.mjs",
      "file": "@ionic_angular_standalone.js",
      "fileHash": "b36cd51d",
      "needsInterop": false
    },
    "ionicons": {
      "src": "../../../../../../node_modules/ionicons/dist/index.js",
      "file": "ionicons.js",
      "fileHash": "1d6687e4",
      "needsInterop": false
    },
    "ionicons/icons": {
      "src": "../../../../../../node_modules/ionicons/icons/index.mjs",
      "file": "ionicons_icons.js",
      "fileHash": "13b6f54e",
      "needsInterop": false
    },
    "zone.js": {
      "src": "../../../../../../node_modules/zone.js/fesm2015/zone.js",
      "file": "zone__js.js",
      "fileHash": "b6e6e597",
      "needsInterop": true
    }
  },
  "chunks": {
    "index7-EU7GZN53": {
      "file": "index7-EU7GZN53.js"
    },
    "status-tap-GMHL4MGD": {
      "file": "status-tap-GMHL4MGD.js"
    },
    "input-shims-FGD6L5NS": {
      "file": "input-shims-FGD6L5NS.js"
    },
    "focus-visible-XBL42XGV": {
      "file": "focus-visible-XBL42XGV.js"
    },
    "ion-tab-bar_2.entry-F6VLVJ26": {
      "file": "ion-tab-bar_2__entry-F6VLVJ26.js"
    },
    "ion-tab_2.entry-X5TQOS4M": {
      "file": "ion-tab_2__entry-X5TQOS4M.js"
    },
    "ion-text.entry-5BVTHLCJ": {
      "file": "ion-text__entry-5BVTHLCJ.js"
    },
    "ion-textarea.entry-KYELWT6Y": {
      "file": "ion-textarea__entry-KYELWT6Y.js"
    },
    "ion-toast.entry-FH6L7MGK": {
      "file": "ion-toast__entry-FH6L7MGK.js"
    },
    "ion-toggle.entry-6NUF6GSZ": {
      "file": "ion-toggle__entry-6NUF6GSZ.js"
    },
    "swipe-back-FYHOR2D6": {
      "file": "swipe-back-FYHOR2D6.js"
    },
    "keyboard-DJSYFZAF": {
      "file": "keyboard-DJSYFZAF.js"
    },
    "ion-searchbar.entry-JLOGW43O": {
      "file": "ion-searchbar__entry-JLOGW43O.js"
    },
    "ion-segment-content.entry-YI3JGQ4V": {
      "file": "ion-segment-content__entry-YI3JGQ4V.js"
    },
    "ion-segment-view.entry-WMIZ7NBF": {
      "file": "ion-segment-view__entry-WMIZ7NBF.js"
    },
    "ion-segment_2.entry-GCXCIQ54": {
      "file": "ion-segment_2__entry-GCXCIQ54.js"
    },
    "ion-select-modal.entry-WNPEWIE4": {
      "file": "ion-select-modal__entry-WNPEWIE4.js"
    },
    "ion-select_3.entry-Q2EJHXQG": {
      "file": "ion-select_3__entry-Q2EJHXQG.js"
    },
    "ion-spinner.entry-DDRNUT7C": {
      "file": "ion-spinner__entry-DDRNUT7C.js"
    },
    "ion-split-pane.entry-M76ZWSM4": {
      "file": "ion-split-pane__entry-M76ZWSM4.js"
    },
    "ion-popover.entry-YD66X2S2": {
      "file": "ion-popover__entry-YD66X2S2.js"
    },
    "ion-progress-bar.entry-7K34XCQ4": {
      "file": "ion-progress-bar__entry-7K34XCQ4.js"
    },
    "ion-radio_2.entry-ECVEJM4T": {
      "file": "ion-radio_2__entry-ECVEJM4T.js"
    },
    "chunk-4YTI4ER5": {
      "file": "chunk-4YTI4ER5.js"
    },
    "ion-range.entry-DOCJAVYY": {
      "file": "ion-range__entry-DOCJAVYY.js"
    },
    "ion-refresher_2.entry-FRB6R4BQ": {
      "file": "ion-refresher_2__entry-FRB6R4BQ.js"
    },
    "chunk-EKTWLTWC": {
      "file": "chunk-EKTWLTWC.js"
    },
    "ion-reorder_2.entry-H7RZS2Z5": {
      "file": "ion-reorder_2__entry-H7RZS2Z5.js"
    },
    "ion-ripple-effect.entry-MLVJPR6J": {
      "file": "ion-ripple-effect__entry-MLVJPR6J.js"
    },
    "ion-route_4.entry-PIKGXKU7": {
      "file": "ion-route_4__entry-PIKGXKU7.js"
    },
    "ion-item_8.entry-5IARPMI4": {
      "file": "ion-item_8__entry-5IARPMI4.js"
    },
    "ion-loading.entry-QXPG6A3K": {
      "file": "ion-loading__entry-QXPG6A3K.js"
    },
    "ion-menu_3.entry-MILWGGD3": {
      "file": "ion-menu_3__entry-MILWGGD3.js"
    },
    "ion-modal.entry-TNYP35RW": {
      "file": "ion-modal__entry-TNYP35RW.js"
    },
    "ion-nav_2.entry-JLDLLLYS": {
      "file": "ion-nav_2__entry-JLDLLLYS.js"
    },
    "ion-picker-column-option.entry-NP6PUZEC": {
      "file": "ion-picker-column-option__entry-NP6PUZEC.js"
    },
    "ion-picker-column.entry-NKJGIDHV": {
      "file": "ion-picker-column__entry-NKJGIDHV.js"
    },
    "ion-picker.entry-B25WUK6Y": {
      "file": "ion-picker__entry-B25WUK6Y.js"
    },
    "ion-datetime_3.entry-J3YUG74O": {
      "file": "ion-datetime_3__entry-J3YUG74O.js"
    },
    "ion-fab_3.entry-VZSOPIYE": {
      "file": "ion-fab_3__entry-VZSOPIYE.js"
    },
    "ion-img.entry-SL6HF6EI": {
      "file": "ion-img__entry-SL6HF6EI.js"
    },
    "ion-infinite-scroll_2.entry-GJEIJEN6": {
      "file": "ion-infinite-scroll_2__entry-GJEIJEN6.js"
    },
    "ion-input-otp.entry-DS7KW3BH": {
      "file": "ion-input-otp__entry-DS7KW3BH.js"
    },
    "ion-input-password-toggle.entry-J3DALYWV": {
      "file": "ion-input-password-toggle__entry-J3DALYWV.js"
    },
    "ion-input.entry-ICIQ6NAC": {
      "file": "ion-input__entry-ICIQ6NAC.js"
    },
    "chunk-KCVN4QEA": {
      "file": "chunk-KCVN4QEA.js"
    },
    "chunk-SPSXUFH3": {
      "file": "chunk-SPSXUFH3.js"
    },
    "ion-item-option_3.entry-YHP64222": {
      "file": "ion-item-option_3__entry-YHP64222.js"
    },
    "chunk-BW7P24PA": {
      "file": "chunk-BW7P24PA.js"
    },
    "ion-backdrop.entry-BOGBWH53": {
      "file": "ion-backdrop__entry-BOGBWH53.js"
    },
    "ion-breadcrumb_2.entry-C63PZEWY": {
      "file": "ion-breadcrumb_2__entry-C63PZEWY.js"
    },
    "ion-button_2.entry-JY7I73E4": {
      "file": "ion-button_2__entry-JY7I73E4.js"
    },
    "ion-card_5.entry-35DLH3HG": {
      "file": "ion-card_5__entry-35DLH3HG.js"
    },
    "ion-checkbox.entry-CQZJVEOU": {
      "file": "ion-checkbox__entry-CQZJVEOU.js"
    },
    "chunk-5FN4WTS4": {
      "file": "chunk-5FN4WTS4.js"
    },
    "ion-chip.entry-6XYZFTRC": {
      "file": "ion-chip__entry-6XYZFTRC.js"
    },
    "ion-col_3.entry-2RFR7JY2": {
      "file": "ion-col_3__entry-2RFR7JY2.js"
    },
    "ion-datetime-button.entry-5FMOB7VH": {
      "file": "ion-datetime-button__entry-5FMOB7VH.js"
    },
    "chunk-QS56DFFL": {
      "file": "chunk-QS56DFFL.js"
    },
    "status-tap-5DQ7Fc4V-CMFZDEF7": {
      "file": "status-tap-5DQ7Fc4V-CMFZDEF7.js"
    },
    "input-shims-DyOpfTg6-OAQVDBUD": {
      "file": "input-shims-DyOpfTg6-OAQVDBUD.js"
    },
    "keyboard-ywgs5efA-XYMYC7T4": {
      "file": "keyboard-ywgs5efA-XYMYC7T4.js"
    },
    "chunk-QGLHSLIO": {
      "file": "chunk-QGLHSLIO.js"
    },
    "focus-visible-BmVRXR1y-ZTBN6E5W": {
      "file": "focus-visible-BmVRXR1y-ZTBN6E5W.js"
    },
    "chunk-QRN5AHKQ": {
      "file": "chunk-QRN5AHKQ.js"
    },
    "swipe-back-BKw2CAHc-4A7MAIFT": {
      "file": "swipe-back-BKw2CAHc-4A7MAIFT.js"
    },
    "ion-app_8.entry-RGH2ID5F": {
      "file": "ion-app_8__entry-RGH2ID5F.js"
    },
    "chunk-ACTGXBFA": {
      "file": "chunk-ACTGXBFA.js"
    },
    "chunk-NDI3ZETK": {
      "file": "chunk-NDI3ZETK.js"
    },
    "chunk-UDOB7BMP": {
      "file": "chunk-UDOB7BMP.js"
    },
    "chunk-5NKZUR6M": {
      "file": "chunk-5NKZUR6M.js"
    },
    "ion-avatar_3.entry-OIKJCJXK": {
      "file": "ion-avatar_3__entry-OIKJCJXK.js"
    },
    "ion-back-button.entry-RWWMFTXL": {
      "file": "ion-back-button__entry-RWWMFTXL.js"
    },
    "ion-accordion_2.entry-6EEJZY7N": {
      "file": "ion-accordion_2__entry-6EEJZY7N.js"
    },
    "chunk-IUTD4BIB": {
      "file": "chunk-IUTD4BIB.js"
    },
    "index-CfgBF1SE-YQMITAOU": {
      "file": "index-CfgBF1SE-YQMITAOU.js"
    },
    "hardware-back-button-CPLxO-Ev-PFNZPE3H": {
      "file": "hardware-back-button-CPLxO-Ev-PFNZPE3H.js"
    },
    "ion-action-sheet.entry-NCQLDIJT": {
      "file": "ion-action-sheet__entry-NCQLDIJT.js"
    },
    "ion-alert.entry-BUH25O3Z": {
      "file": "ion-alert__entry-BUH25O3Z.js"
    },
    "chunk-OUSZTG4L": {
      "file": "chunk-OUSZTG4L.js"
    },
    "chunk-32GL4UXS": {
      "file": "chunk-32GL4UXS.js"
    },
    "chunk-V3DEFQ3K": {
      "file": "chunk-V3DEFQ3K.js"
    },
    "chunk-KH3VUFSP": {
      "file": "chunk-KH3VUFSP.js"
    },
    "ios.transition-BDzw0_Hm-IAOHJ3RV": {
      "file": "ios__transition-BDzw0_Hm-IAOHJ3RV.js"
    },
    "md.transition-BzDYi3qq-6E4O23MQ": {
      "file": "md__transition-BzDYi3qq-6E4O23MQ.js"
    },
    "index-ceb5RaMT-LRT6FCWX": {
      "file": "index-ceb5RaMT-LRT6FCWX.js"
    },
    "chunk-PVTB5NJM": {
      "file": "chunk-PVTB5NJM.js"
    },
    "chunk-34QX6F67": {
      "file": "chunk-34QX6F67.js"
    },
    "chunk-Q27LF47D": {
      "file": "chunk-Q27LF47D.js"
    },
    "chunk-HVXRACXP": {
      "file": "chunk-HVXRACXP.js"
    },
    "chunk-6UKHKTCG": {
      "file": "chunk-6UKHKTCG.js"
    },
    "chunk-YHTFT7Q3": {
      "file": "chunk-YHTFT7Q3.js"
    },
    "chunk-AYJZ7IED": {
      "file": "chunk-AYJZ7IED.js"
    },
    "chunk-Z3OEOVFM": {
      "file": "chunk-Z3OEOVFM.js"
    },
    "chunk-QA2SYHF5": {
      "file": "chunk-QA2SYHF5.js"
    },
    "chunk-O62FXVV6": {
      "file": "chunk-O62FXVV6.js"
    },
    "chunk-OKRX67LH": {
      "file": "chunk-OKRX67LH.js"
    },
    "chunk-5Q22BHAZ": {
      "file": "chunk-5Q22BHAZ.js"
    },
    "chunk-ZOAUNWNR": {
      "file": "chunk-ZOAUNWNR.js"
    },
    "chunk-VD5BS36M": {
      "file": "chunk-VD5BS36M.js"
    },
    "chunk-ZYXHI6RQ": {
      "file": "chunk-ZYXHI6RQ.js"
    },
    "chunk-LCMILTBF": {
      "file": "chunk-LCMILTBF.js"
    },
    "chunk-6MP44WRP": {
      "file": "chunk-6MP44WRP.js"
    },
    "chunk-D6MKN2U2": {
      "file": "chunk-D6MKN2U2.js"
    },
    "chunk-L6ISKHKK": {
      "file": "chunk-L6ISKHKK.js"
    },
    "chunk-IUXA2G6D": {
      "file": "chunk-IUXA2G6D.js"
    },
    "chunk-G5UZVNUA": {
      "file": "chunk-G5UZVNUA.js"
    },
    "chunk-IKS2SDKY": {
      "file": "chunk-IKS2SDKY.js"
    },
    "chunk-7NIVNBEV": {
      "file": "chunk-7NIVNBEV.js"
    },
    "ios.transition-W3IZA6MS": {
      "file": "ios__transition-W3IZA6MS.js"
    },
    "chunk-2CZSUW6O": {
      "file": "chunk-2CZSUW6O.js"
    },
    "md.transition-VPNSX4QS": {
      "file": "md__transition-VPNSX4QS.js"
    },
    "chunk-7YP4I6M7": {
      "file": "chunk-7YP4I6M7.js"
    },
    "chunk-ZOM2SJBV": {
      "file": "chunk-ZOM2SJBV.js"
    },
    "chunk-PMTKRSGE": {
      "file": "chunk-PMTKRSGE.js"
    },
    "chunk-4554YRK6": {
      "file": "chunk-4554YRK6.js"
    },
    "index3-WDJJIG5O": {
      "file": "index3-WDJJIG5O.js"
    },
    "chunk-6U2AQA2C": {
      "file": "chunk-6U2AQA2C.js"
    },
    "hardware-back-button-GTEQI45J": {
      "file": "hardware-back-button-GTEQI45J.js"
    },
    "chunk-JTFYPPJN": {
      "file": "chunk-JTFYPPJN.js"
    },
    "chunk-2H3NLAAY": {
      "file": "chunk-2H3NLAAY.js"
    },
    "chunk-QEE7QVES": {
      "file": "chunk-QEE7QVES.js"
    },
    "chunk-XWUASKDK": {
      "file": "chunk-XWUASKDK.js"
    },
    "chunk-KXWJIEWG": {
      "file": "chunk-KXWJIEWG.js"
    },
    "chunk-AEGIYWWY": {
      "file": "chunk-AEGIYWWY.js"
    },
    "chunk-6RMPI6JC": {
      "file": "chunk-6RMPI6JC.js"
    },
    "chunk-WNCUKYIW": {
      "file": "chunk-WNCUKYIW.js"
    },
    "chunk-CYIUJTKM": {
      "file": "chunk-CYIUJTKM.js"
    },
    "chunk-YBPTGMQX": {
      "file": "chunk-YBPTGMQX.js"
    },
    "chunk-QHQP2P2Z": {
      "file": "chunk-QHQP2P2Z.js"
    }
  }
}